<?xml version="1.0" encoding="UTF-8"?>


<hechos_historicos>
    <hecho descripcion="IBM da a conocer el PC">
        <fecha>

            <dia>12</dia>
            <mes>8</mes>
            <year>1981</year>

        </fecha>



    </hecho>

    <hecho descripcion="Se funda Google">
        <fecha>

            <dia>4</dia>
            <mes>9</mes>
            <year>1998</year>

        </fecha>



    </hecho>

    <hecho descripcion="Se funda Facebook">
        <fecha>

            <dia>4</dia>
            <mes>2</mes>
            <year>2004</year>

        </fecha>



    </hecho>



</hechos_historicos>
